subscription_id,customer_id,plan_id,start_date,end_date
1,1,2,2023-11-01,
2,2,3,2024-01-01,
3,3,3,2023-07-01,
4,4,1,2024-03-01,
5,5,1,2024-06-01,
6,6,3,2023-03-01,
7,7,1,2023-03-01,2023-09-01
8,8,3,2023-04-01,
9,9,3,2023-07-01,2024-06-01
10,10,2,2023-07-01,
11,11,1,2024-04-01,
12,12,1,2023-06-01,2024-08-01
13,13,1,2024-06-01,
14,14,2,2024-04-01,
15,15,2,2024-07-01,
16,16,2,2024-08-01,
17,17,4,2023-02-01,
18,18,3,2024-02-01,
19,19,2,2024-06-01,
20,20,4,2023-01-01,
21,21,1,2023-04-01,
22,22,1,2023-06-01,2023-12-01
23,23,2,2023-05-01,
24,24,1,2024-05-01,
25,25,1,2023-03-01,
26,26,2,2024-07-01,
27,27,2,2023-08-01,2024-07-01
28,28,3,2023-12-01,2024-08-01
29,29,2,2023-09-01,
30,30,2,2023-07-01,
31,31,2,2024-06-01,
32,32,1,2023-08-01,2024-06-01
33,33,1,2024-08-01,
34,34,1,2024-01-01,2024-06-01
35,35,2,2023-08-01,
36,36,1,2024-06-01,
37,37,1,2023-06-01,
38,38,1,2023-07-01,2023-09-01
39,39,3,2024-06-01,
40,40,1,2023-04-01,2024-02-01
41,41,1,2024-06-01,
42,42,3,2023-01-01,
43,43,2,2023-01-01,
44,44,3,2023-03-01,
45,45,2,2024-01-01,
46,46,3,2024-06-01,
47,47,1,2024-05-01,
48,48,2,2024-01-01,
49,49,2,2024-01-01,
50,50,3,2024-08-01,
51,51,1,2024-07-01,
52,52,2,2023-02-01,2023-09-01
53,53,1,2023-12-01,
54,54,1,2023-08-01,
55,55,1,2023-03-01,
56,56,1,2024-04-01,
57,57,3,2023-11-01,
58,58,1,2024-02-01,
59,59,4,2023-11-01,2024-11-01
60,60,2,2023-02-01,
61,61,2,2024-06-01,
62,62,2,2023-09-01,
63,63,2,2023-05-01,
64,64,1,2024-01-01,
65,65,2,2023-07-01,
66,66,1,2024-02-01,
67,67,2,2023-11-01,
68,68,1,2023-10-01,
69,69,4,2023-02-01,
70,70,1,2023-04-01,
71,71,2,2024-06-01,2024-10-01
72,72,1,2024-08-01,
73,73,3,2023-12-01,2024-11-01
74,74,2,2023-10-01,2024-06-01
75,75,1,2023-04-01,
76,76,3,2024-03-01,
77,77,4,2024-01-01,
78,78,3,2023-11-01,2024-03-01
79,79,2,2023-06-01,
80,80,1,2023-02-01,
81,81,1,2024-08-01,
82,82,4,2023-05-01,
83,83,2,2024-02-01,
84,84,1,2023-02-01,
85,85,3,2024-02-01,
86,86,2,2023-04-01,
87,87,2,2024-02-01,
88,88,1,2023-05-01,
89,89,2,2023-10-01,2024-07-01
90,90,1,2023-09-01,
91,91,1,2023-11-01,
92,92,3,2023-07-01,2024-01-01
93,93,2,2023-07-01,
94,94,2,2023-08-01,
95,95,1,2024-01-01,
96,96,3,2024-05-01,
97,97,1,2023-08-01,
98,98,1,2023-01-01,
99,99,1,2023-04-01,
100,100,1,2023-03-01,
101,101,4,2024-01-01,
102,102,2,2024-05-01,
103,103,2,2023-05-01,2024-02-01
104,104,2,2023-11-01,
105,105,3,2023-10-01,
106,106,1,2023-09-01,
107,107,2,2024-06-01,2024-09-01
108,108,2,2023-06-01,
109,109,1,2024-01-01,2024-09-01
110,110,2,2023-11-01,
111,111,3,2024-06-01,
112,112,3,2023-05-01,
113,113,1,2024-07-01,
114,114,4,2024-06-01,
115,115,1,2023-09-01,
116,116,3,2024-05-01,
117,117,3,2024-01-01,2024-05-01
118,118,1,2023-07-01,
119,119,2,2024-06-01,
120,120,3,2023-01-01,
121,121,1,2023-03-01,2023-07-01
122,122,2,2024-06-01,
123,123,3,2024-04-01,
124,124,2,2023-06-01,
125,125,3,2024-08-01,
126,126,1,2024-02-01,2024-04-01
127,127,1,2023-05-01,2024-05-01
128,128,1,2024-06-01,
129,129,1,2024-08-01,
130,130,1,2024-04-01,
131,131,4,2024-01-01,
132,132,2,2024-06-01,
133,133,1,2024-05-01,
134,134,1,2023-10-01,
135,135,4,2024-04-01,
136,136,2,2024-05-01,
137,137,4,2023-01-01,
138,138,2,2023-10-01,
139,139,2,2024-07-01,
140,140,3,2023-06-01,
141,141,3,2024-01-01,
142,142,2,2023-10-01,
143,143,2,2023-12-01,
144,144,3,2023-07-01,
145,145,2,2024-01-01,
146,146,4,2024-04-01,
147,147,1,2024-03-01,2024-10-01
148,148,2,2024-05-01,
149,149,2,2023-06-01,
150,150,4,2023-03-01,
151,151,1,2023-11-01,
152,152,3,2023-04-01,
153,153,2,2024-01-01,
154,154,2,2023-08-01,
155,155,2,2024-03-01,
156,156,4,2023-10-01,
157,157,1,2023-12-01,
158,158,1,2024-08-01,
159,159,1,2024-01-01,
160,160,1,2024-07-01,
161,161,1,2023-05-01,
162,162,3,2024-08-01,
163,163,3,2023-05-01,
164,164,1,2024-03-01,
165,165,2,2023-01-01,
166,166,2,2024-02-01,
167,167,2,2024-06-01,
168,168,2,2023-06-01,
169,169,1,2023-04-01,
170,170,4,2023-08-01,
171,171,2,2023-02-01,
172,172,2,2023-01-01,
173,173,2,2023-09-01,
174,174,1,2024-05-01,
175,175,1,2023-09-01,
176,176,2,2023-06-01,
177,177,3,2023-05-01,
178,178,3,2023-02-01,
179,179,3,2023-08-01,
180,180,1,2023-07-01,
181,181,3,2023-09-01,2024-09-01
182,182,3,2023-07-01,
183,183,3,2023-12-01,
184,184,2,2024-03-01,
185,185,3,2023-01-01,
186,186,1,2023-01-01,2023-10-01
187,187,1,2023-06-01,
188,188,1,2023-05-01,
189,189,1,2023-02-01,
190,190,1,2024-06-01,
191,191,1,2023-02-01,
192,192,2,2024-06-01,2024-12-01
193,193,1,2023-02-01,
194,194,2,2024-01-01,
195,195,1,2023-08-01,
196,196,2,2023-12-01,2024-03-01
197,197,1,2023-11-01,
198,198,1,2023-05-01,
199,199,4,2023-03-01,
200,200,2,2024-06-01,
201,201,3,2024-03-01,
202,202,2,2024-04-01,
203,203,2,2024-01-01,
204,204,1,2023-11-01,
205,205,2,2024-06-01,
206,206,1,2023-04-01,
207,207,3,2024-01-01,
208,208,4,2023-05-01,
209,209,3,2024-02-01,
210,210,1,2023-08-01,
211,211,1,2023-09-01,
212,212,1,2023-07-01,2024-08-01
213,213,1,2023-12-01,
214,214,2,2023-02-01,
215,215,3,2024-04-01,
216,216,1,2023-09-01,
217,217,3,2024-08-01,
218,218,3,2023-09-01,2024-06-01
219,219,1,2023-03-01,
220,220,3,2023-06-01,
221,221,3,2023-10-01,
222,222,1,2023-08-01,2024-08-01
223,223,2,2023-06-01,
224,224,2,2023-07-01,
225,225,2,2024-03-01,
226,226,1,2023-08-01,
227,227,2,2023-04-01,
228,228,2,2024-01-01,
229,229,3,2024-03-01,
230,230,3,2023-10-01,
231,231,1,2024-03-01,
232,232,3,2023-04-01,
233,233,3,2023-03-01,2023-12-01
234,234,3,2024-04-01,
235,235,1,2024-04-01,
236,236,1,2023-11-01,
237,237,2,2023-10-01,
238,238,1,2023-10-01,
239,239,2,2023-05-01,
240,240,4,2024-03-01,
241,241,1,2023-08-01,
242,242,1,2024-04-01,
243,243,2,2023-09-01,
244,244,2,2024-05-01,
245,245,1,2024-05-01,
246,246,1,2024-05-01,2024-09-01
247,247,1,2023-06-01,
248,248,2,2024-02-01,
249,249,3,2024-04-01,
250,250,1,2024-03-01,
251,251,1,2024-06-01,
252,252,2,2023-04-01,
253,253,1,2024-02-01,
254,254,1,2024-02-01,
255,255,1,2023-08-01,
256,256,2,2023-06-01,
257,257,1,2023-12-01,
258,258,3,2023-06-01,
259,259,2,2023-12-01,2024-11-01
260,260,1,2023-03-01,
261,261,1,2023-08-01,
262,262,3,2023-08-01,
263,263,1,2024-03-01,
264,264,1,2023-01-01,
265,265,1,2023-08-01,
266,266,1,2024-02-01,
267,267,3,2023-10-01,
268,268,1,2024-03-01,
269,269,1,2024-06-01,
270,270,3,2024-04-01,
271,271,2,2023-07-01,
272,272,1,2023-03-01,
273,273,2,2023-02-01,
274,274,3,2024-01-01,
275,275,1,2023-03-01,
276,276,2,2024-05-01,
277,277,1,2023-12-01,
278,278,3,2023-01-01,2024-04-01
279,279,3,2024-04-01,2024-10-01
280,280,3,2023-04-01,
281,281,2,2024-08-01,
282,282,1,2023-06-01,
283,283,1,2023-12-01,
284,284,2,2023-10-01,2023-12-01
285,285,3,2023-08-01,
286,286,1,2023-04-01,
287,287,1,2023-02-01,
288,288,2,2023-11-01,
289,289,3,2024-08-01,
290,290,3,2023-07-01,
291,291,1,2023-07-01,
292,292,1,2024-02-01,
293,293,3,2024-08-01,
294,294,2,2023-11-01,
295,295,3,2024-08-01,
296,296,4,2024-02-01,
297,297,4,2024-04-01,
298,298,3,2023-05-01,
299,299,3,2023-12-01,
300,300,1,2024-03-01,
301,301,2,2023-08-01,
302,302,1,2024-03-01,
303,303,3,2023-08-01,
304,304,3,2024-03-01,
305,305,3,2023-10-01,
306,306,2,2023-02-01,
307,307,1,2023-02-01,
308,308,2,2024-07-01,
309,309,1,2024-01-01,
310,310,3,2023-12-01,
311,311,2,2024-04-01,
312,312,1,2023-06-01,
313,313,2,2023-08-01,
314,314,3,2023-09-01,
315,315,1,2024-02-01,
316,316,3,2023-11-01,
317,317,3,2023-06-01,
318,318,1,2023-11-01,
319,319,1,2023-08-01,
320,320,3,2023-05-01,
321,321,4,2023-04-01,2024-05-01
322,322,1,2023-06-01,
323,323,2,2023-11-01,
324,324,3,2023-08-01,
325,325,4,2023-09-01,
326,326,1,2024-04-01,
327,327,1,2024-02-01,
328,328,4,2023-09-01,
329,329,1,2023-12-01,
330,330,1,2023-01-01,
331,331,2,2023-09-01,
332,332,2,2023-10-01,
333,333,3,2023-06-01,
334,334,1,2023-05-01,
335,335,3,2024-03-01,
336,336,1,2023-01-01,
337,337,3,2024-08-01,
338,338,1,2024-08-01,
339,339,2,2024-01-01,
340,340,1,2023-06-01,
341,341,1,2023-06-01,
342,342,1,2023-11-01,2024-05-01
343,343,2,2024-02-01,
344,344,2,2023-08-01,
345,345,1,2023-09-01,
346,346,4,2023-02-01,
347,347,3,2024-06-01,
348,348,3,2024-07-01,
349,349,1,2023-06-01,2024-06-01
350,350,1,2024-07-01,
351,351,1,2024-05-01,
352,352,1,2023-04-01,
353,353,1,2023-04-01,
354,354,2,2023-09-01,
355,355,1,2024-02-01,
356,356,1,2023-08-01,
357,357,3,2024-03-01,
358,358,2,2023-04-01,
359,359,1,2024-07-01,
360,360,2,2024-02-01,
361,361,1,2023-06-01,
362,362,2,2024-04-01,
363,363,1,2023-09-01,
364,364,2,2024-04-01,
365,365,2,2024-03-01,2024-09-01
366,366,2,2024-02-01,
367,367,1,2023-03-01,
368,368,3,2023-01-01,
369,369,3,2024-02-01,
370,370,1,2023-05-01,
371,371,1,2023-02-01,
372,372,1,2023-11-01,
373,373,4,2024-07-01,
374,374,4,2024-03-01,
375,375,1,2023-07-01,
376,376,4,2023-08-01,
377,377,1,2024-02-01,
378,378,2,2023-09-01,2024-02-01
379,379,2,2023-12-01,2024-06-01
380,380,3,2024-05-01,2024-08-01
381,381,1,2023-02-01,
382,382,1,2023-01-01,
383,383,2,2024-06-01,
384,384,1,2023-06-01,
385,385,1,2024-05-01,
386,386,2,2023-06-01,2024-03-01
387,387,3,2024-05-01,
388,388,3,2024-08-01,
389,389,3,2024-07-01,
390,390,3,2023-05-01,
391,391,2,2023-11-01,
392,392,3,2023-01-01,
393,393,2,2023-06-01,2024-11-01
394,394,3,2023-09-01,
395,395,1,2023-01-01,
396,396,1,2024-01-01,
397,397,3,2023-04-01,
398,398,1,2023-04-01,
399,399,3,2024-02-01,
400,400,2,2024-05-01,
401,401,1,2024-08-01,
402,402,4,2023-04-01,
403,403,1,2024-04-01,2024-07-01
404,404,2,2024-03-01,
405,405,1,2024-05-01,
406,406,4,2023-04-01,
407,407,2,2023-10-01,
408,408,3,2024-06-01,
409,409,1,2023-12-01,
410,410,3,2023-05-01,
411,411,2,2023-01-01,
412,412,2,2024-03-01,2024-12-01
413,413,4,2023-02-01,2023-10-01
414,414,2,2024-05-01,
415,415,2,2024-02-01,
416,416,2,2023-06-01,2024-04-01
417,417,3,2023-05-01,
418,418,1,2023-02-01,
419,419,2,2023-07-01,
420,420,1,2023-12-01,2024-04-01
421,421,2,2023-07-01,
422,422,3,2023-10-01,
423,423,1,2024-01-01,
424,424,3,2023-10-01,
425,425,1,2023-05-01,
426,426,4,2024-04-01,
427,427,2,2024-03-01,
428,428,2,2023-10-01,
429,429,3,2023-04-01,
430,430,2,2023-10-01,
431,431,3,2023-08-01,
432,432,1,2023-10-01,
433,433,2,2023-03-01,
434,434,2,2023-10-01,
435,435,4,2023-02-01,
436,436,1,2023-09-01,
437,437,2,2024-02-01,
438,438,2,2023-04-01,
439,439,2,2023-03-01,2024-02-01
440,440,1,2023-06-01,
441,441,2,2024-07-01,2024-11-01
442,442,1,2023-06-01,2024-07-01
443,443,1,2024-07-01,
444,444,3,2023-05-01,
445,445,1,2023-02-01,
446,446,2,2024-04-01,
447,447,3,2023-03-01,2023-12-01
448,448,2,2023-03-01,2024-04-01
449,449,2,2023-11-01,
450,450,3,2023-05-01,
451,451,2,2024-01-01,
452,452,2,2023-11-01,
453,453,3,2024-03-01,
454,454,2,2023-07-01,
455,455,2,2023-06-01,
456,456,2,2023-05-01,2024-04-01
457,457,2,2024-03-01,
458,458,1,2023-08-01,
459,459,3,2024-06-01,
460,460,1,2023-11-01,
461,461,2,2024-04-01,
462,462,3,2024-02-01,
463,463,2,2024-02-01,
464,464,1,2024-08-01,
465,465,3,2023-10-01,
466,466,1,2024-06-01,
467,467,3,2024-05-01,
468,468,3,2023-09-01,
469,469,2,2024-02-01,
470,470,2,2023-10-01,
471,471,1,2024-02-01,
472,472,1,2023-09-01,
473,473,3,2023-10-01,
474,474,2,2023-05-01,
475,475,2,2024-01-01,
476,476,2,2024-08-01,
477,477,2,2023-08-01,
478,478,2,2023-02-01,2024-01-01
479,479,2,2024-03-01,
480,480,1,2023-05-01,
481,481,1,2024-02-01,
482,482,1,2024-02-01,
483,483,2,2024-07-01,
484,484,4,2023-12-01,
485,485,1,2023-03-01,
486,486,2,2023-06-01,
487,487,1,2023-06-01,
488,488,2,2024-07-01,
489,489,4,2024-06-01,
490,490,3,2023-09-01,
491,491,1,2024-06-01,
492,492,1,2023-12-01,
493,493,3,2023-07-01,
494,494,2,2023-02-01,
495,495,2,2024-07-01,
496,496,1,2024-06-01,
497,497,3,2024-03-01,
498,498,1,2023-03-01,2023-09-01
499,499,2,2023-12-01,2024-02-01
500,500,1,2023-08-01,2024-10-01
501,501,2,2024-02-01,
502,502,3,2024-06-01,
503,503,3,2023-11-01,
504,504,2,2024-07-01,
505,505,3,2023-04-01,
506,506,2,2024-07-01,
507,507,1,2024-06-01,
508,508,2,2024-05-01,
509,509,1,2024-08-01,
510,510,1,2023-05-01,
511,511,2,2023-04-01,
512,512,3,2023-01-01,
513,513,1,2024-04-01,
514,514,3,2023-10-01,
515,515,3,2023-06-01,
516,516,2,2023-02-01,
517,517,1,2023-06-01,
518,518,2,2024-08-01,
519,519,1,2023-02-01,
520,520,2,2023-01-01,
521,521,1,2023-06-01,
522,522,2,2023-07-01,
523,523,1,2023-04-01,
524,524,2,2023-05-01,
525,525,2,2023-11-01,
526,526,2,2023-01-01,
527,527,1,2024-08-01,
528,528,4,2023-10-01,
529,529,1,2023-08-01,
530,530,1,2023-02-01,
531,531,1,2023-04-01,
532,532,1,2024-06-01,
533,533,2,2023-07-01,
534,534,3,2024-02-01,
535,535,2,2023-04-01,
536,536,1,2023-08-01,
537,537,1,2023-07-01,
538,538,1,2024-05-01,
539,539,3,2023-08-01,
540,540,2,2024-04-01,
541,541,4,2024-07-01,
542,542,2,2023-07-01,
543,543,2,2023-05-01,
544,544,3,2024-05-01,
545,545,3,2024-07-01,
546,546,1,2024-07-01,
547,547,1,2023-03-01,
548,548,2,2024-01-01,
549,549,2,2023-03-01,
550,550,1,2023-08-01,
551,551,2,2023-09-01,
552,552,2,2024-07-01,
553,553,1,2024-03-01,
554,554,1,2024-07-01,2024-09-01
555,555,1,2024-05-01,2024-07-01
556,556,1,2023-07-01,
557,557,4,2024-06-01,
558,558,1,2023-02-01,2024-07-01
559,559,1,2023-05-01,
560,560,1,2024-06-01,
561,561,2,2023-02-01,
562,562,1,2024-02-01,
563,563,2,2024-06-01,
564,564,1,2023-05-01,
565,565,1,2024-02-01,2024-05-01
566,566,3,2023-12-01,
567,567,1,2024-03-01,
568,568,2,2023-07-01,
569,569,2,2023-03-01,
570,570,2,2024-07-01,
571,571,3,2023-03-01,
572,572,1,2023-07-01,
573,573,4,2023-01-01,
574,574,3,2023-04-01,
575,575,2,2024-02-01,
576,576,1,2023-01-01,
577,577,2,2023-05-01,
578,578,2,2023-07-01,
579,579,3,2023-07-01,2024-01-01
580,580,1,2024-08-01,
581,581,4,2023-04-01,2024-04-01
582,582,3,2023-05-01,
583,583,1,2024-04-01,
584,584,1,2023-10-01,
585,585,1,2023-10-01,
586,586,3,2024-08-01,
587,587,3,2023-05-01,2023-07-01
588,588,4,2023-01-01,
589,589,2,2024-06-01,
590,590,2,2023-06-01,
591,591,2,2023-07-01,
592,592,2,2024-05-01,
593,593,4,2024-01-01,
594,594,2,2023-02-01,
595,595,1,2024-06-01,
596,596,2,2024-07-01,
597,597,1,2023-01-01,
598,598,3,2024-05-01,
599,599,2,2023-04-01,
600,600,2,2023-03-01,
601,601,3,2024-04-01,
602,602,3,2023-12-01,
603,603,1,2023-09-01,
604,604,1,2023-12-01,
605,605,1,2023-05-01,
606,606,1,2024-02-01,2024-04-01
607,607,1,2023-08-01,
608,608,2,2023-07-01,
609,609,4,2023-12-01,2024-02-01
610,610,1,2023-08-01,
611,611,3,2023-02-01,
612,612,2,2023-05-01,
613,613,3,2024-08-01,
614,614,2,2023-06-01,
615,615,1,2023-08-01,
616,616,3,2023-04-01,
617,617,1,2023-02-01,2023-04-01
618,618,1,2024-07-01,
619,619,3,2023-12-01,
620,620,2,2024-06-01,
621,621,1,2024-05-01,
622,622,1,2023-08-01,
623,623,4,2023-10-01,
624,624,1,2024-02-01,
625,625,2,2024-04-01,
626,626,1,2023-10-01,
627,627,3,2023-01-01,2023-04-01
628,628,1,2023-06-01,
629,629,2,2023-07-01,
630,630,1,2023-07-01,
631,631,2,2023-12-01,2024-04-01
632,632,3,2024-08-01,
633,633,1,2023-03-01,
634,634,1,2023-07-01,
635,635,3,2023-06-01,
636,636,2,2023-12-01,2024-06-01
637,637,1,2024-05-01,
638,638,2,2024-07-01,
639,639,2,2023-11-01,
640,640,3,2023-06-01,
641,641,1,2023-05-01,
642,642,3,2024-05-01,
643,643,2,2023-01-01,2023-05-01
644,644,3,2023-03-01,
645,645,1,2023-02-01,
646,646,3,2024-03-01,
647,647,2,2024-06-01,
648,648,1,2024-05-01,
649,649,1,2023-06-01,2023-09-01
650,650,4,2024-05-01,
651,651,2,2023-01-01,
652,652,1,2024-08-01,
653,653,3,2023-12-01,
654,654,1,2024-03-01,
655,655,2,2023-02-01,
656,656,3,2024-08-01,
657,657,2,2023-08-01,2023-10-01
658,658,1,2023-06-01,
659,659,1,2024-06-01,
660,660,1,2023-11-01,
661,661,1,2023-03-01,
662,662,1,2023-05-01,
663,663,1,2023-08-01,2024-04-01
664,664,1,2023-02-01,
665,665,2,2023-11-01,2024-10-01
666,666,1,2023-09-01,2024-10-01
667,667,3,2024-01-01,
668,668,4,2024-03-01,
669,669,1,2023-03-01,
670,670,2,2024-04-01,
671,671,2,2024-05-01,
672,672,1,2023-01-01,
673,673,1,2024-04-01,
674,674,3,2024-07-01,
675,675,2,2023-08-01,
676,676,3,2023-05-01,
677,677,1,2023-12-01,
678,678,2,2023-06-01,
679,679,3,2023-05-01,
680,680,3,2024-05-01,
681,681,1,2024-01-01,2024-07-01
682,682,2,2024-06-01,
683,683,1,2024-03-01,
684,684,3,2024-03-01,
685,685,1,2024-04-01,2024-10-01
686,686,1,2023-07-01,
687,687,3,2023-03-01,2024-02-01
688,688,2,2023-10-01,
689,689,2,2024-08-01,
690,690,4,2024-05-01,
691,691,1,2024-03-01,
692,692,1,2023-08-01,
693,693,1,2023-05-01,2023-12-01
694,694,1,2024-05-01,
695,695,1,2023-09-01,
696,696,2,2024-04-01,
697,697,4,2023-05-01,
698,698,2,2023-10-01,
699,699,2,2024-04-01,
700,700,1,2024-06-01,
701,701,2,2023-01-01,
702,702,3,2023-08-01,2024-03-01
703,703,2,2023-06-01,
704,704,3,2024-03-01,
705,705,2,2024-04-01,
706,706,1,2024-01-01,
707,707,2,2024-03-01,
708,708,2,2023-07-01,2024-01-01
709,709,1,2023-02-01,
710,710,2,2023-11-01,
711,711,3,2023-01-01,
712,712,1,2024-01-01,
713,713,2,2024-01-01,
714,714,3,2023-11-01,
715,715,2,2024-05-01,
716,716,1,2023-03-01,2023-07-01
717,717,1,2023-09-01,
718,718,2,2024-08-01,
719,719,2,2023-06-01,
720,720,2,2024-08-01,
721,721,1,2023-01-01,
722,722,3,2023-01-01,
723,723,4,2023-05-01,2024-09-01
724,724,1,2024-07-01,
725,725,1,2024-01-01,
726,726,1,2023-11-01,
727,727,3,2023-03-01,2024-02-01
728,728,3,2023-03-01,
729,729,1,2024-06-01,
730,730,1,2024-05-01,
731,731,1,2023-02-01,
732,732,2,2023-09-01,
733,733,4,2023-11-01,
734,734,1,2024-03-01,
735,735,1,2023-01-01,2024-05-01
736,736,2,2024-05-01,
737,737,2,2023-11-01,
738,738,3,2023-11-01,
739,739,2,2023-08-01,
740,740,1,2023-01-01,2023-04-01
741,741,1,2024-07-01,
742,742,4,2024-05-01,
743,743,3,2024-05-01,
744,744,1,2024-02-01,
745,745,3,2023-10-01,
746,746,1,2024-07-01,2024-12-01
747,747,3,2023-03-01,
748,748,1,2023-06-01,
749,749,3,2023-09-01,
750,750,1,2024-04-01,
751,751,2,2023-07-01,
752,752,2,2024-06-01,
753,753,2,2023-07-01,
754,754,1,2023-08-01,
755,755,1,2023-07-01,
756,756,1,2023-09-01,
757,757,1,2024-05-01,
758,758,1,2023-07-01,
759,759,1,2023-10-01,
760,760,2,2023-01-01,
761,761,1,2023-12-01,
762,762,2,2023-05-01,
763,763,1,2023-10-01,2024-07-01
764,764,1,2023-07-01,
765,765,1,2023-08-01,
766,766,3,2023-03-01,
767,767,1,2023-10-01,
768,768,2,2024-04-01,
769,769,3,2024-01-01,
770,770,2,2023-09-01,
771,771,3,2024-05-01,
772,772,3,2023-12-01,
773,773,1,2024-01-01,
774,774,3,2023-06-01,2024-07-01
775,775,1,2024-02-01,
776,776,1,2023-08-01,
777,777,2,2023-04-01,
778,778,2,2024-04-01,
779,779,4,2023-12-01,
780,780,1,2023-10-01,
781,781,2,2024-03-01,
782,782,2,2023-12-01,
783,783,1,2024-04-01,
784,784,4,2023-09-01,2023-11-01
785,785,2,2024-08-01,
786,786,1,2023-12-01,
787,787,3,2023-10-01,
788,788,1,2024-06-01,
789,789,1,2024-08-01,
790,790,1,2023-06-01,2023-10-01
791,791,4,2023-05-01,
792,792,1,2023-11-01,
793,793,3,2023-02-01,
794,794,2,2024-02-01,
795,795,1,2024-02-01,
796,796,2,2023-02-01,2024-02-01
797,797,2,2023-06-01,
798,798,2,2024-08-01,
799,799,3,2023-04-01,
800,800,2,2023-10-01,
801,801,4,2024-02-01,
802,802,1,2023-05-01,
803,803,3,2023-07-01,
804,804,2,2024-04-01,
805,805,3,2023-09-01,
806,806,3,2024-05-01,
807,807,4,2023-02-01,
808,808,1,2024-01-01,
809,809,2,2023-07-01,
810,810,4,2024-07-01,
811,811,4,2023-09-01,
812,812,1,2023-02-01,
813,813,4,2024-05-01,
814,814,2,2023-11-01,
815,815,1,2023-02-01,
816,816,3,2024-03-01,
817,817,2,2023-12-01,2024-06-01
818,818,2,2024-07-01,
819,819,1,2024-03-01,
820,820,2,2024-01-01,
821,821,1,2023-05-01,2023-07-01
822,822,1,2024-01-01,
823,823,3,2023-04-01,
824,824,2,2023-08-01,
825,825,2,2023-09-01,
826,826,3,2023-12-01,
827,827,1,2023-05-01,
828,828,1,2023-12-01,2024-04-01
829,829,1,2023-07-01,
830,830,1,2024-07-01,2024-10-01
831,831,3,2024-08-01,
832,832,1,2024-05-01,
833,833,1,2023-05-01,
834,834,2,2024-03-01,
835,835,1,2024-08-01,
836,836,1,2024-07-01,
837,837,2,2024-06-01,
838,838,3,2023-02-01,
839,839,1,2023-04-01,
840,840,2,2024-04-01,
841,841,1,2023-07-01,
842,842,2,2023-10-01,
843,843,2,2023-10-01,
844,844,1,2024-04-01,
845,845,1,2024-03-01,
846,846,2,2023-06-01,
847,847,2,2024-04-01,
848,848,1,2023-10-01,2024-05-01
849,849,2,2023-12-01,
850,850,1,2024-05-01,
851,851,4,2023-06-01,2023-11-01
852,852,1,2023-01-01,2024-04-01
853,853,1,2024-02-01,2024-09-01
854,854,1,2023-06-01,
855,855,4,2023-06-01,
856,856,1,2023-10-01,
857,857,2,2024-06-01,
858,858,4,2024-06-01,
859,859,4,2024-03-01,
860,860,1,2023-06-01,
861,861,2,2024-07-01,
862,862,2,2024-05-01,
863,863,2,2023-01-01,2023-10-01
864,864,1,2023-05-01,
865,865,1,2023-03-01,
866,866,1,2023-07-01,
867,867,1,2024-02-01,
868,868,2,2023-12-01,
869,869,1,2023-03-01,2024-02-01
870,870,1,2024-02-01,
871,871,1,2023-12-01,
872,872,1,2024-06-01,
873,873,1,2023-07-01,
874,874,4,2024-06-01,
875,875,2,2024-02-01,
876,876,1,2023-06-01,
877,877,2,2023-07-01,
878,878,1,2024-03-01,
879,879,1,2024-02-01,
880,880,4,2024-01-01,2024-03-01
881,881,3,2023-09-01,
882,882,2,2023-08-01,
883,883,1,2023-12-01,
884,884,1,2024-04-01,2024-10-01
885,885,1,2023-06-01,
886,886,1,2024-06-01,
887,887,1,2023-04-01,
888,888,1,2023-10-01,2024-07-01
889,889,2,2023-07-01,2024-01-01
890,890,1,2024-07-01,
891,891,1,2023-04-01,2023-06-01
892,892,3,2023-03-01,2023-11-01
893,893,1,2024-02-01,
894,894,1,2023-04-01,
895,895,1,2024-08-01,
896,896,3,2024-04-01,
897,897,2,2024-06-01,
898,898,2,2023-07-01,
899,899,2,2024-03-01,
900,900,1,2023-12-01,
901,901,1,2023-09-01,
902,902,2,2023-10-01,
903,903,4,2023-01-01,
904,904,3,2023-03-01,
905,905,2,2023-03-01,
906,906,2,2024-04-01,
907,907,1,2023-06-01,
908,908,3,2024-03-01,
909,909,1,2024-03-01,
910,910,1,2023-03-01,
911,911,2,2023-07-01,
912,912,3,2023-06-01,
913,913,3,2023-03-01,
914,914,2,2024-05-01,
915,915,1,2023-08-01,
916,916,1,2024-07-01,
917,917,3,2024-05-01,
918,918,4,2024-06-01,
919,919,1,2024-03-01,
920,920,3,2023-11-01,
921,921,2,2023-09-01,
922,922,1,2023-08-01,
923,923,2,2024-01-01,
924,924,1,2023-09-01,
925,925,2,2024-06-01,
926,926,1,2023-04-01,
927,927,2,2023-08-01,
928,928,2,2023-10-01,
929,929,3,2023-06-01,2024-01-01
930,930,3,2023-05-01,
931,931,1,2023-12-01,
932,932,1,2023-04-01,
933,933,4,2024-04-01,
934,934,2,2023-08-01,
935,935,1,2024-04-01,2024-09-01
936,936,1,2023-02-01,
937,937,4,2024-04-01,
938,938,2,2023-10-01,
939,939,1,2024-06-01,
940,940,2,2024-02-01,2024-06-01
941,941,2,2024-05-01,
942,942,2,2024-02-01,
943,943,4,2023-03-01,
944,944,4,2024-08-01,
945,945,1,2023-08-01,
946,946,1,2024-06-01,
947,947,2,2023-11-01,
948,948,3,2024-01-01,
949,949,2,2023-04-01,
950,950,3,2024-06-01,
951,951,2,2024-04-01,
952,952,1,2023-09-01,
953,953,3,2023-09-01,
954,954,1,2024-04-01,
955,955,2,2023-04-01,
956,956,1,2023-06-01,
957,957,2,2023-03-01,
958,958,4,2023-11-01,
959,959,2,2023-08-01,
960,960,1,2024-08-01,
961,961,2,2024-06-01,
962,962,2,2023-12-01,
963,963,1,2024-04-01,
964,964,1,2023-11-01,2024-12-01
965,965,1,2023-09-01,
966,966,2,2024-04-01,
967,967,1,2023-08-01,
968,968,2,2023-07-01,
969,969,1,2023-03-01,2024-03-01
970,970,2,2024-05-01,
971,971,1,2024-04-01,
972,972,3,2023-01-01,2023-05-01
973,973,4,2024-05-01,
974,974,2,2023-05-01,
975,975,2,2024-06-01,
976,976,3,2023-04-01,
977,977,1,2023-04-01,
978,978,3,2023-06-01,
979,979,1,2024-07-01,
980,980,2,2024-07-01,
981,981,1,2024-02-01,2024-07-01
982,982,2,2023-01-01,2024-05-01
983,983,4,2024-01-01,
984,984,1,2023-06-01,2024-08-01
985,985,3,2024-03-01,
986,986,2,2023-12-01,
987,987,1,2024-06-01,
988,988,1,2024-03-01,
989,989,1,2023-07-01,
990,990,1,2024-04-01,
991,991,2,2023-05-01,
992,992,1,2023-08-01,
993,993,2,2023-05-01,2023-07-01
994,994,4,2023-05-01,
995,995,4,2023-09-01,2024-12-01
996,996,3,2024-06-01,
997,997,3,2023-09-01,
998,998,1,2023-03-01,
999,999,4,2024-04-01,
1000,1000,1,2023-02-01,
1001,1001,3,2023-12-01,
1002,1002,3,2023-05-01,
1003,1003,2,2024-07-01,
1004,1004,2,2023-10-01,
1005,1005,1,2023-09-01,2024-11-01
1006,1006,2,2024-07-01,2024-11-01
1007,1007,1,2023-10-01,
1008,1008,1,2024-03-01,
1009,1009,1,2023-09-01,
1010,1010,3,2023-12-01,
1011,1011,4,2023-10-01,2024-08-01
1012,1012,1,2023-11-01,
1013,1013,1,2023-09-01,
1014,1014,1,2024-02-01,
1015,1015,1,2023-10-01,
1016,1016,1,2024-01-01,
1017,1017,2,2024-03-01,
1018,1018,2,2023-07-01,
1019,1019,2,2023-04-01,
1020,1020,1,2023-02-01,
1021,1021,2,2023-12-01,
1022,1022,1,2023-05-01,
1023,1023,1,2023-08-01,
1024,1024,2,2024-04-01,
1025,1025,3,2023-10-01,
1026,1026,1,2024-01-01,2024-09-01
1027,1027,2,2023-03-01,2024-02-01
1028,1028,1,2024-04-01,
1029,1029,3,2023-12-01,
1030,1030,1,2023-01-01,
1031,1031,2,2023-10-01,
1032,1032,3,2024-07-01,
1033,1033,2,2023-10-01,
1034,1034,1,2023-08-01,
1035,1035,1,2023-01-01,
1036,1036,4,2024-07-01,
1037,1037,1,2023-05-01,
1038,1038,1,2023-12-01,
1039,1039,4,2023-09-01,
1040,1040,1,2023-11-01,
1041,1041,1,2023-03-01,2024-07-01
1042,1042,1,2024-05-01,
1043,1043,1,2023-04-01,
1044,1044,2,2024-01-01,
1045,1045,2,2023-06-01,
1046,1046,1,2024-02-01,
1047,1047,1,2023-02-01,
1048,1048,3,2023-04-01,
1049,1049,3,2024-07-01,
1050,1050,2,2024-01-01,
1051,1051,1,2024-05-01,
1052,1052,2,2023-08-01,
1053,1053,2,2024-04-01,2024-11-01
1054,1054,2,2023-02-01,
1055,1055,3,2024-03-01,
1056,1056,1,2023-03-01,
1057,1057,2,2024-01-01,
1058,1058,1,2023-10-01,
1059,1059,2,2024-01-01,
1060,1060,3,2023-06-01,
1061,1061,3,2023-03-01,
1062,1062,1,2024-04-01,
1063,1063,4,2023-10-01,
1064,1064,2,2023-03-01,
1065,1065,2,2023-09-01,
1066,1066,2,2023-01-01,
1067,1067,3,2024-06-01,
1068,1068,1,2024-08-01,
1069,1069,2,2023-09-01,
1070,1070,2,2023-07-01,2023-11-01
1071,1071,2,2024-01-01,
1072,1072,3,2023-11-01,
1073,1073,2,2024-04-01,
1074,1074,2,2023-05-01,2024-05-01
1075,1075,1,2023-08-01,
1076,1076,3,2023-05-01,2023-08-01
1077,1077,1,2024-07-01,
1078,1078,2,2023-09-01,2024-11-01
1079,1079,2,2024-01-01,
1080,1080,4,2024-04-01,
1081,1081,4,2024-01-01,
1082,1082,1,2023-01-01,
1083,1083,4,2024-08-01,
1084,1084,2,2024-05-01,
1085,1085,1,2023-07-01,
1086,1086,2,2024-08-01,
1087,1087,1,2024-06-01,
1088,1088,2,2023-12-01,
1089,1089,1,2023-09-01,2024-12-01
1090,1090,1,2023-08-01,
1091,1091,1,2023-06-01,
1092,1092,2,2023-05-01,
1093,1093,3,2023-03-01,2023-05-01
1094,1094,4,2023-04-01,
1095,1095,1,2024-08-01,
1096,1096,2,2023-07-01,
1097,1097,1,2023-05-01,
1098,1098,1,2024-06-01,
1099,1099,4,2023-12-01,
1100,1100,1,2023-01-01,
1101,1101,3,2023-06-01,
1102,1102,2,2024-04-01,
1103,1103,1,2023-06-01,2024-08-01
1104,1104,3,2024-02-01,
1105,1105,1,2023-12-01,
1106,1106,3,2023-01-01,
1107,1107,1,2023-03-01,
1108,1108,1,2023-02-01,
1109,1109,3,2024-05-01,
1110,1110,2,2024-03-01,
1111,1111,1,2023-03-01,
1112,1112,2,2024-02-01,
1113,1113,1,2023-04-01,
1114,1114,2,2023-07-01,
1115,1115,3,2024-02-01,
1116,1116,3,2024-06-01,
1117,1117,1,2023-06-01,2023-12-01
1118,1118,2,2023-05-01,
1119,1119,4,2023-01-01,
1120,1120,2,2023-09-01,
1121,1121,3,2023-12-01,
1122,1122,1,2023-03-01,
1123,1123,3,2024-02-01,
1124,1124,2,2024-01-01,
1125,1125,3,2023-04-01,
1126,1126,3,2023-02-01,
1127,1127,3,2023-04-01,
1128,1128,1,2023-04-01,
1129,1129,2,2023-04-01,
1130,1130,1,2024-04-01,
1131,1131,1,2023-05-01,
1132,1132,1,2023-11-01,
1133,1133,2,2024-04-01,
1134,1134,2,2024-02-01,
1135,1135,4,2023-09-01,
1136,1136,1,2024-03-01,
1137,1137,1,2023-01-01,
1138,1138,1,2024-01-01,
1139,1139,3,2023-07-01,2023-10-01
1140,1140,2,2023-04-01,2023-11-01
1141,1141,2,2023-04-01,
1142,1142,3,2024-02-01,
1143,1143,2,2024-08-01,
1144,1144,1,2023-03-01,
1145,1145,1,2023-07-01,
1146,1146,2,2023-06-01,
1147,1147,3,2023-10-01,2024-07-01
1148,1148,2,2023-09-01,2024-05-01
1149,1149,1,2024-02-01,
1150,1150,2,2023-03-01,
1151,1151,1,2023-11-01,
1152,1152,2,2023-03-01,
1153,1153,2,2024-05-01,
1154,1154,4,2024-02-01,
1155,1155,1,2024-06-01,
1156,1156,2,2024-03-01,
1157,1157,2,2024-02-01,2024-11-01
1158,1158,3,2023-08-01,
1159,1159,2,2024-05-01,
1160,1160,2,2023-08-01,
1161,1161,3,2023-05-01,2024-02-01
1162,1162,2,2023-05-01,
1163,1163,4,2023-11-01,
1164,1164,1,2023-11-01,
1165,1165,1,2023-06-01,
1166,1166,3,2023-12-01,2024-06-01
1167,1167,1,2023-05-01,
1168,1168,3,2024-07-01,
1169,1169,2,2023-01-01,2024-06-01
1170,1170,2,2023-01-01,2023-10-01
1171,1171,1,2023-07-01,
1172,1172,3,2024-07-01,
1173,1173,1,2023-05-01,
1174,1174,4,2024-08-01,
1175,1175,3,2023-07-01,2023-09-01
1176,1176,1,2023-07-01,
1177,1177,1,2023-03-01,
1178,1178,3,2024-03-01,
1179,1179,2,2024-06-01,
1180,1180,1,2024-05-01,
1181,1181,2,2023-03-01,
1182,1182,1,2024-02-01,
1183,1183,2,2023-09-01,
1184,1184,2,2023-06-01,
1185,1185,3,2024-04-01,
1186,1186,3,2024-01-01,
1187,1187,1,2024-06-01,
1188,1188,2,2024-06-01,
1189,1189,2,2024-06-01,
1190,1190,4,2023-03-01,
1191,1191,1,2024-01-01,
1192,1192,2,2023-10-01,
1193,1193,3,2023-04-01,
1194,1194,1,2023-01-01,
1195,1195,1,2023-05-01,
1196,1196,2,2024-05-01,2024-10-01
1197,1197,1,2024-02-01,2024-06-01
1198,1198,4,2024-04-01,
1199,1199,1,2024-07-01,
1200,1200,1,2023-01-01,
1201,1201,1,2023-09-01,
1202,1202,2,2024-03-01,
1203,1203,1,2024-03-01,
1204,1204,3,2024-02-01,
1205,1205,3,2023-03-01,
1206,1206,4,2023-03-01,
1207,1207,1,2023-09-01,
1208,1208,1,2023-11-01,2024-11-01
1209,1209,1,2023-07-01,
1210,1210,4,2024-02-01,
1211,1211,3,2023-05-01,2024-03-01
1212,1212,1,2023-07-01,
1213,1213,2,2023-03-01,
1214,1214,3,2023-11-01,
1215,1215,4,2024-03-01,
1216,1216,2,2024-08-01,
1217,1217,3,2023-05-01,2024-06-01
1218,1218,3,2024-01-01,
1219,1219,1,2023-02-01,
1220,1220,1,2023-11-01,
1221,1221,3,2024-06-01,
1222,1222,1,2023-02-01,
1223,1223,1,2023-08-01,
1224,1224,4,2023-03-01,
1225,1225,2,2023-11-01,
1226,1226,2,2024-06-01,
1227,1227,4,2023-10-01,
1228,1228,1,2024-03-01,2024-10-01
1229,1229,4,2023-07-01,
1230,1230,3,2024-05-01,
1231,1231,1,2023-05-01,
1232,1232,1,2023-12-01,
1233,1233,1,2023-08-01,2024-02-01
1234,1234,3,2023-12-01,
1235,1235,1,2023-06-01,
1236,1236,1,2023-11-01,2024-08-01
1237,1237,3,2023-06-01,
1238,1238,2,2024-03-01,
1239,1239,2,2023-05-01,2023-07-01
1240,1240,3,2023-07-01,
1241,1241,1,2023-01-01,
1242,1242,1,2023-10-01,
1243,1243,2,2023-01-01,
1244,1244,1,2023-10-01,2023-12-01
1245,1245,2,2024-06-01,
1246,1246,3,2024-02-01,
1247,1247,2,2023-11-01,
1248,1248,2,2023-05-01,2024-05-01
1249,1249,1,2024-06-01,
1250,1250,1,2023-01-01,
1251,1251,3,2023-04-01,
1252,1252,1,2023-02-01,
1253,1253,2,2023-08-01,
1254,1254,1,2023-04-01,
1255,1255,4,2023-04-01,
1256,1256,1,2024-06-01,
1257,1257,2,2023-11-01,
1258,1258,2,2024-03-01,
1259,1259,2,2023-11-01,
1260,1260,4,2024-03-01,2024-12-01
1261,1261,3,2024-04-01,
1262,1262,1,2023-09-01,
1263,1263,1,2024-05-01,
1264,1264,2,2023-03-01,2024-04-01
1265,1265,4,2024-07-01,
1266,1266,1,2023-10-01,2024-09-01
1267,1267,3,2023-04-01,
1268,1268,1,2024-06-01,
1269,1269,2,2024-02-01,
1270,1270,2,2023-11-01,
1271,1271,2,2023-06-01,
1272,1272,4,2024-01-01,2024-08-01
1273,1273,2,2024-05-01,
1274,1274,1,2023-08-01,
1275,1275,2,2023-04-01,
1276,1276,2,2023-04-01,
1277,1277,2,2024-04-01,
1278,1278,1,2024-01-01,
1279,1279,2,2023-06-01,2023-11-01
1280,1280,1,2023-10-01,
1281,1281,1,2023-04-01,2024-06-01
1282,1282,1,2023-07-01,
1283,1283,2,2024-05-01,
1284,1284,1,2023-06-01,
1285,1285,3,2024-08-01,2024-10-01
1286,1286,3,2024-02-01,
1287,1287,1,2023-02-01,2023-04-01
1288,1288,2,2023-07-01,
1289,1289,3,2023-07-01,2024-06-01
1290,1290,1,2023-12-01,
1291,1291,2,2024-08-01,
1292,1292,2,2023-06-01,
1293,1293,2,2023-04-01,
1294,1294,4,2024-04-01,
1295,1295,1,2024-01-01,
1296,1296,4,2023-08-01,
1297,1297,2,2024-02-01,
1298,1298,3,2023-10-01,
1299,1299,2,2024-06-01,
1300,1300,3,2024-07-01,
1301,1301,1,2023-07-01,2024-10-01
1302,1302,2,2024-03-01,
1303,1303,1,2023-11-01,
1304,1304,2,2024-03-01,
1305,1305,2,2023-08-01,
1306,1306,1,2023-07-01,
1307,1307,1,2023-01-01,
1308,1308,3,2024-05-01,
1309,1309,3,2023-11-01,
1310,1310,2,2023-08-01,
1311,1311,1,2023-11-01,
1312,1312,2,2024-08-01,
1313,1313,1,2024-05-01,
1314,1314,2,2024-06-01,
1315,1315,2,2023-08-01,
1316,1316,2,2024-02-01,
1317,1317,2,2023-11-01,
1318,1318,1,2024-05-01,
1319,1319,3,2024-03-01,
1320,1320,2,2023-11-01,
1321,1321,3,2023-10-01,
1322,1322,1,2024-03-01,
1323,1323,1,2023-11-01,
1324,1324,2,2023-03-01,
1325,1325,2,2023-02-01,
1326,1326,4,2024-08-01,
1327,1327,3,2023-06-01,
1328,1328,1,2024-05-01,
1329,1329,3,2023-03-01,
1330,1330,1,2023-03-01,2024-02-01
1331,1331,2,2023-01-01,
1332,1332,1,2023-05-01,2023-10-01
1333,1333,1,2024-08-01,
1334,1334,2,2023-12-01,
1335,1335,2,2023-01-01,
1336,1336,2,2024-04-01,
1337,1337,2,2024-07-01,2024-11-01
1338,1338,2,2023-03-01,
1339,1339,1,2023-12-01,
1340,1340,2,2024-08-01,
1341,1341,1,2023-07-01,2024-05-01
1342,1342,2,2023-07-01,
1343,1343,2,2024-01-01,
1344,1344,2,2024-08-01,
1345,1345,1,2024-07-01,
1346,1346,2,2024-04-01,
1347,1347,1,2023-06-01,
1348,1348,1,2023-10-01,
1349,1349,1,2023-04-01,
1350,1350,2,2023-08-01,
1351,1351,3,2024-08-01,
1352,1352,1,2023-02-01,
1353,1353,1,2023-03-01,
1354,1354,2,2023-02-01,
1355,1355,1,2023-04-01,
1356,1356,3,2024-01-01,2024-12-01
1357,1357,1,2023-08-01,
1358,1358,1,2024-04-01,
1359,1359,2,2023-12-01,
1360,1360,1,2024-07-01,
1361,1361,1,2023-07-01,
1362,1362,1,2023-08-01,
1363,1363,2,2023-01-01,
1364,1364,4,2024-07-01,
1365,1365,1,2024-05-01,
1366,1366,3,2023-06-01,
1367,1367,1,2023-05-01,
1368,1368,2,2024-07-01,
1369,1369,2,2023-11-01,
1370,1370,1,2024-07-01,
1371,1371,3,2023-07-01,
1372,1372,3,2023-04-01,
1373,1373,1,2023-12-01,
1374,1374,1,2024-06-01,
1375,1375,3,2023-03-01,
1376,1376,4,2024-03-01,
1377,1377,2,2023-01-01,
1378,1378,3,2024-03-01,
1379,1379,4,2024-06-01,
1380,1380,3,2024-05-01,
1381,1381,2,2024-01-01,
1382,1382,1,2023-11-01,
1383,1383,1,2023-03-01,
1384,1384,2,2023-11-01,
1385,1385,4,2024-07-01,
1386,1386,1,2023-08-01,2023-11-01
1387,1387,1,2023-06-01,
1388,1388,1,2024-06-01,
1389,1389,2,2023-11-01,
1390,1390,2,2024-07-01,
1391,1391,3,2023-01-01,2024-04-01
1392,1392,1,2023-04-01,
1393,1393,2,2024-02-01,
1394,1394,2,2024-04-01,2024-11-01
1395,1395,2,2024-08-01,
1396,1396,1,2023-06-01,
1397,1397,2,2023-06-01,
1398,1398,3,2023-04-01,
1399,1399,1,2024-03-01,2024-12-01
1400,1400,1,2023-04-01,
1401,1401,2,2024-07-01,
1402,1402,1,2023-12-01,
1403,1403,3,2024-02-01,2024-12-01
1404,1404,3,2023-06-01,
1405,1405,4,2024-03-01,
1406,1406,3,2023-05-01,
1407,1407,2,2023-04-01,
1408,1408,1,2023-02-01,
1409,1409,3,2023-04-01,
1410,1410,3,2023-07-01,
1411,1411,3,2023-03-01,
1412,1412,2,2024-04-01,
1413,1413,3,2023-08-01,
1414,1414,1,2023-01-01,
1415,1415,2,2024-06-01,
1416,1416,2,2023-10-01,
1417,1417,1,2024-02-01,
1418,1418,1,2024-01-01,
1419,1419,1,2024-04-01,
1420,1420,2,2023-01-01,
1421,1421,1,2023-08-01,
1422,1422,2,2023-06-01,
1423,1423,3,2023-12-01,
1424,1424,2,2024-07-01,
1425,1425,2,2023-01-01,
1426,1426,4,2024-08-01,
1427,1427,1,2023-10-01,
1428,1428,2,2024-06-01,
1429,1429,1,2024-08-01,
1430,1430,1,2023-04-01,
1431,1431,4,2023-05-01,
1432,1432,1,2024-04-01,
1433,1433,3,2023-09-01,
1434,1434,3,2023-10-01,2024-05-01
1435,1435,2,2023-07-01,
1436,1436,3,2023-04-01,
1437,1437,2,2024-05-01,
1438,1438,1,2023-10-01,
1439,1439,2,2023-01-01,
1440,1440,1,2024-07-01,
1441,1441,1,2023-03-01,
1442,1442,1,2024-06-01,
1443,1443,4,2024-03-01,
1444,1444,1,2023-08-01,
1445,1445,1,2023-08-01,2024-11-01
1446,1446,4,2023-02-01,
1447,1447,1,2023-08-01,
1448,1448,4,2024-07-01,
1449,1449,3,2024-06-01,2024-08-01
1450,1450,2,2024-08-01,
1451,1451,2,2024-02-01,
1452,1452,1,2023-11-01,
1453,1453,1,2024-05-01,
1454,1454,1,2023-05-01,
1455,1455,1,2024-07-01,
1456,1456,2,2023-11-01,
1457,1457,4,2023-09-01,2024-04-01
1458,1458,2,2024-02-01,2024-11-01
1459,1459,4,2023-12-01,
1460,1460,3,2023-10-01,
1461,1461,1,2024-07-01,
1462,1462,2,2023-08-01,
1463,1463,1,2024-05-01,
1464,1464,1,2023-05-01,
1465,1465,4,2023-09-01,
1466,1466,1,2023-06-01,2024-10-01
1467,1467,1,2023-04-01,
1468,1468,1,2023-01-01,2024-04-01
1469,1469,2,2023-12-01,
1470,1470,2,2023-06-01,
1471,1471,1,2024-08-01,
1472,1472,2,2024-08-01,
1473,1473,1,2023-07-01,
1474,1474,3,2023-01-01,
1475,1475,2,2024-03-01,
1476,1476,2,2024-03-01,
1477,1477,2,2023-08-01,2024-10-01
1478,1478,2,2024-04-01,
1479,1479,4,2023-03-01,
1480,1480,3,2023-09-01,
1481,1481,1,2023-05-01,2024-09-01
1482,1482,2,2023-12-01,
1483,1483,1,2023-02-01,2023-07-01
1484,1484,1,2023-05-01,
1485,1485,1,2023-04-01,
1486,1486,1,2024-02-01,
1487,1487,4,2023-09-01,
1488,1488,3,2024-03-01,
1489,1489,3,2023-03-01,
1490,1490,2,2024-03-01,
1491,1491,1,2023-12-01,
1492,1492,1,2023-10-01,
1493,1493,2,2023-08-01,2024-11-01
1494,1494,1,2024-08-01,
1495,1495,2,2024-01-01,
1496,1496,3,2024-06-01,
1497,1497,1,2023-06-01,
1498,1498,1,2023-12-01,
1499,1499,2,2024-02-01,
1500,1500,2,2024-02-01,
